login,contributions
toxtli,28287
brianchandotcom,21085
fabpot,12947
andrew,10188
taylorotwell,8376
egoist,7688
HugoGiraudel,7658
ornicar,7341
bebraw,6895
nelsonic,6501
alexcrichton,6145
jonathanong,5763
mikermcneil,5736
benbalter,5699
jxnblk,5601
yegor256,5566
orta,5453
rstacruz,5313
GrahamCampbell,5135
afc163,5069
kamranahmedse,4994
joshaber,4941
bkeepers,4873
kennethreitz,4873
kytrinyx,4866
STRML,4855
atmos,4826
weierophinney,4820
agentzh,4740
steipete,4694
ai,4664
mikepenz,4659
nvie,4609
hadley,4607
appleboy,4592
Rich-Harris,4580
drnic,4570
rafaelfranca,4556
Ocramius,4553
mitchellh,4541
stof,4521
IgorMinar,4516
phodal,4496
jwiegley,4475
geerlingguy,4443
dcramer,4435
sebastianbergmann,4390
brunocvcunha,4329
ljharb,4277
jdalton,4139
sevilayha,4122
paulmillr,4061
tmm1,4046
c9s,3980
zcbenz,3899
holman,3891
kevinsawicki,3830
yihui,3748
buckyroberts,3719
kbrsh,3716
dmalan,3704
mhevery,3649
mgechev,3621
kylef,3523
chjj,3522
ayende,3444
mcollina,3385
mdo,3367
yoshuawuyts,3319
muan,3309
kentcdodds,3284
jskeet,3273
mitsuhiko,3253
steveklabnik,3240
hzoo,3188
Caged,3179
dlew,3157
technoweenie,3156
gaearon,3155
soumith,3144
feross,3130
michalbe,3103
brianleroux,3102
willdurand,3094
alexjlockwood,3083
matsko,3070
stefanpenner,3068
adamwathan,3064
Haacked,3055
curran,3054
rauchg,3047
ianstormtaylor,3042
KrauseFx,3002
tj,2933
jgm,2926
jverkoey,2922
chenglou,2895
DataTables,2894
SamyPesse,2883
mjhea0,2856
0x00A,2846
tmcw,2821
brentvatne,2810
carpedm20,2745
benjamn,2743
notwaldorf,2706
miyagawa,2695
rnystrom,2690
photonstorm,2658
mattn,2656
dougwilson,2655
JakeWharton,2654
yyx990803,2645
krzysztofzablocki,2632
eduardolundgren,2629
vjeux,2602
mxcl,2586
domenic,2570
alex,2556
mrdoob,2555
josegonzalez,2516
fzaninotto,2507
pissang,2472
jamesmontemagno,2427
paulcbetts,2414
paulirish,2412
samdark,2403
madskristensen,2394
sokra,2391
marijnh,2378
alanhamlett,2377
wesm,2367
josevalim,2361
jennybc,2361
BurntSushi,2348
zenorocha,2341
contra,2333
jaredhanson,2329
radar,2315
bevacqua,2310
xudafeng,2308
j2kun,2273
dominictarr,2259
avelino,2234
vinta,2213
developit,2199
ashleygwilliams,2193
ashfurrow,2192
f,2178
onevcat,2166
toddmotto,2153
gdi2290,2153
EisenbergEffect,2151
ankane,2134
keijiro,2128
nolimits4web,2127
davidfowl,2123
biezhi,2113
LeaVerou,2110
davidtmiller,2110
odersky,2102
vhf,2093
soffes,2083
mxstbr,2048
Jinjiang,2038
happypeter,2023
yeasy,2004
mafintosh,2001
vczh,2001
Draveness,1963
ded,1963
vladikoff,1958
bnoordhuis,1954
jendewalt,1953
jessfraz,1952
indutny,1946
olivergierke,1936
i5ting,1929
laanwj,1912
drakeet,1911
thejameskyle,1867
ahmetb,1866
sdiehl,1865
jaywcjlove,1859
gitster,1859
djspiewak,1858
evilsocket,1846
mariotaku,1845
shama,1833
CamDavidsonPilon,1830
dsyer,1813
winterbe,1798
dennybritz,1785
arun-gupta,1785
maryrosecook,1776
killme2008,1760
IanLunn,1757
ruanyf,1755
binux,1745
nfultz,1731
leah,1728
suissa,1726
anishathalye,1703
pkrumins,1698
isaacs,1698
staltz,1696
KittenYang,1696
leebyron,1679
fengmk2,1665
passy,1660
gorhill,1646
phuslu,1634
mrmrs,1620
siddontang,1615
daylerees,1611
weavejester,1608
zce,1602
philsturgeon,1578
oldratlee,1571
josephmisiti,1564
atian25,1561
ebidel,1548
overtrue,1547
connors,1531
eliben,1530
Seldaek,1514
joyeecheung,1507
bailicangdu,1500
nikic,1498
codahale,1496
amitshekhariitbhu,1495
rakyll,1483
junyanz,1479
simurai,1478
nicolasgramlich,1459
shiffman,1455
purcell,1441
evanphx,1436
ericelliott,1436
matyhtf,1434
StephenGrider,1431
AdamBien,1430
rtomayko,1428
tomchristie,1413
be5invis,1402
amueller,1393
dead-horse,1380
remy,1379
Unknwon,1374
jiyinyiyong,1373
Shougo,1371
arunoda,1369
benoitc,1364
ask,1363
JohnSundell,1356
Raynos,1334
samuelclay,1332
unicodeveloper,1322
alex-cory,1320
nolanlawson,1319
fnando,1317
kripken,1315
joshlong,1311
mathiasbynens,1309
rwaldron,1308
technomancy,1294
orderedlist,1283
mbostock,1277
rasbt,1267
doggy8088,1262
xcatliu,1244
0xAX,1234
ginatrapani,1229
loiane,1222
tqchen,1216
Dinnerbone,1214
samtstern,1206
lh3,1203
jeromeetienne,1198
fchollet,1184
kevva,1181
schacon,1177
jessesquires,1172
orhanobut,1171
nicklockwood,1163
tomdale,1160
themsaid,1159
kelseyhightower,1148
jackmoore,1142
vmg,1142
csswizardry,1138
miguelgrinberg,1135
bartaz,1135
chriseppstein,1134
jakevdp,1130
wenshao,1125
addyosmani,1124
legomushroom,1121
jikeytang,1118
evancz,1114
tonymorris,1109
donnemartin,1102
tekkub,1099
wizardforcel,1098
JeffreyWay,1091
kishikawakatsumi,1091
dalinhuang99,1090
azat-co,1088
ekmett,1087
romainfrancois,1083
davies,1078
amatsuda,1075
hueniverse,1069
schneems,1067
ColinEberhardt,1058
diracdeltas,1056
rodrigobranas,1047
Justineo,1040
hakimel,1009
f2prateek,1009
jlongster,1008
bamos,1006
josh,1000
munificent,993
icanzilb,974
RubyLouvre,967
iliakan,961
phith0n,959
willianjusten,954
gvanrossum,945
jordansissel,945
sorrycc,940
Urigo,934
kartik-v,929
isislovecruft,925
pedrovgs,925
Yangqing,924
robdodson,923
twiecki,914
ustbhuangyi,913
xtaci,911
jordwalke,909
planetoftheweb,908
johnpapa,905
supermarin,904
huacnlee,903
afollestad,898
TheLarkInn,895
emilsjolander,894
moxie0,892
swankjesse,891
audreyt,887
hemanth,886
yuanyan,878
wxyyxc1992,877
jezdez,872
mgp25,871
matz,870
kara,868
wbond,867
lilydjwg,865
mli,863
akrabat,861
julianduque,859
bradfitz,857
coryhouse,851
jgilfelt,851
lihaoyi,851
mjackson,847
sockeqwe,841
racaljk,835
philipwalton,834
Marak,832
antoniolg,832
Blankj,822
noopkat,820
junegunn,820
lepture,816
cpojer,812
summerblue,811
ericdouglas,803
rsc,801
jbogard,794
rhiever,794
medcl,792
mikeal,790
mperham,783
ramnathv,783
barretlee,781
fatih,780
jeresig,773
sjl,764
kriskowal,757
wesbos,755
aui,745
markdalgleish,742
ahejlsberg,742
sergeche,741
jakearchibald,740
vsavkin,740
sstephenson,734
michaelliao,728
GcsSloop,723
nixzhu,723
dhh,721
cloudwu,719
ladyada,718
andymatuschak,714
JacksonTian,712
JedWatson,712
mourner,708
codingforentrepreneurs,706
iluwatar,696
TooTallNate,690
acdlite,689
mholt,689
kangax,688
MorvanZhou,682
soimort,682
bingoogolapple,680
QuincyLarson,680
davideast,677
bbatsov,671
yiminghe,670
typicode,664
chokcoco,663
zilongshanren,662
jawil,661
Ovilia,661
hunkim,660
holdenk,660
walkor,658
sebmarkbage,657
johnkil,657
MartinRGB,653
llSourcell,653
jnunemaker,642
leizongmin,639
davecheney,635
maxogden,633
poteto,631
afabbro,629
antirez,627
FiloSottile,626
astaxie,624
rpetrich,623
graydon,621
getify,620
cloudhead,619
jgthms,615
necolas,612
waylau,612
yangfuhai,612
sdras,611
barryvdh,611
adeshpande3,607
samccone,607
dherman,606
JsAaron,602
azer,598
ogrisel,598
MarisaKirisame,596
chrisbanes,595
indexzero,590
swannodette,588
redguardtoo,584
DIYgod,582
greenrobot,580
erikras,569
tylermcginnis,568
yorkie,566
janl,561
goodfeli,558
hustcc,557
kenwheeler,553
idiot,550
bradfrost,549
rdegges,547
android10,544
r00k,528
igrigorik,528
ramalho,524
liaohuqiu,520
RehabMan,519
laruence,517
androidmalin,516
darkwing,513
GaelVaroquaux,510
numbbbbb,509
jvns,507
una,506
jserv,506
BenTristem,505
carlosazaustre,505
commonsguy,502
chiuki,497
baoyongzhang,494
aphyr,493
sophiebits,486
skyline75489,476
raganwald,472
mubix,472
Piasy,467
florent37,467
davatron5000,466
akira-cn,465
geeeeeeeeek,461
angus-c,458
AllenDowney,457
gongminmin,454
modocache,452
xiaojue,445
kbastani,445
jlord,444
minimaxir,443
jwasham,443
dmytrodanylyk,441
migueldeicaza,437
rsms,434
jpetazzo,430
DamianEdwards,426
koush,424
justjavac,421
asLody,420
kohsuke,415
cassidoo,412
mikolalysenko,412
kylemcdonald,407
rs,405
creationix,400
henriquebastos,400
GoesToEleven,399
DrBoolean,395
bodil,388
campoy,388
ibdknox,382
tpope,381
chrismccord,380
blueimp,379
madeye,378
nathanmarz,377
dgrtwo,376
Grafikart,376
judasn,373
ChenYilong,371
mstraughan86,371
3b1b,369
benjchristensen,368
nswbmw,367
robpike,367
mislav,359
colah,356
daneden,355
matthewmccullough,348
kneath,348
evanw,347
NARKOZ,347
zpao,344
fogleman,344
chriseidhof,343
rvagg,339
mcxiaoke,335
island205,334
ncase,332
juliangarnier,331
doyoe,329
skmetz,329
progrium,327
rogerwang,323
cyanogen,322
tholman,319
romannurik,317
shekhargulati,316
caolan,316
code4craft,315
cvrebert,313
rdpeng,312
soulmachine,308
miloyip,306
vbuterin,303
wycats,300
LeonidasEsteban,295
yanhaijing,295
dabeaz,289
prakhar1989,289
muaz-khan,287
bennadel,286
desandro,284
mattdesl,279
MugunthKumar,277
pahimar,276
casatwy,276
jspahrsummers,275
yanzhenjie,268
jennschiffer,266
alvarotrigo,264
trustedsec,263
DeborahK,261
inconvergent,261
Nightonke,260
mzabriskie,260
brendangregg,258
JackyAndroid,258
acgotaku,257
joehewitt,255
cssmagic,255
SimonVT,255
hax,253
chrisjenx,252
rkh,251
dongweiming,251
shanselman,246
norvig,244
felixge,243
PascalPrecht,243
rxin,242
YouXianMing,241
inferjay,241
MichalPaszkiewicz,239
huangz1990,239
cusspvz,236
GeekTrainer,234
karpathy,233
mosh-hamedani,223
armon,222
kyze8439690,221
ariya,220
tenderlove,218
pydanny,215
mttkay,215
shwenzhang,214
cyanzhong,212
nickbutcher,211
jacobian,209
hardmaru,207
coding-horror,206
egonSchiele,202
HelloZeroNet,200
programthink,196
chenshuo,195
coleifer,195
hankcs,194
codefollower,193
petewarden,193
camsong,192
iissnan,191
ksky521,189
ircmaxell,189
chloerei,185
jashkenas,183
NatashaTheRobot,181
jbenet,180
johnlui,179
memo,178
jtleek,177
aymericdamien,176
sentsin,173
pardom,173
JeffLi1993,172
lotem,171
hotoo,170
hollance,169
ryanflorence,168
scrooloose,167
luin,166
derickbailey,165
bcaffo,163
saulmm,163
hasinhayder,162
JakeLin,157
wenzhixin,156
lucasr,156
jhaddix,154
iamshaunjp,153
Aufree,153
wasabeef,153
akitaonrails,153
scottjehl,153
devunwired,151
SpikeKing,149
rlerdorf,148
fatiherikli,148
paullewis,147
chovy,142
gskinner,142
lexrus,141
eugenp,141
Vermisse,138
pamelafox,138
topfunky,138
fogus,137
homakov,132
shu223,131
vakila,130
latentflip,129
CharlinFeng,128
hehonghui,126
douglascrockford,122
kittens,122
jasondavies,120
gavinandresen,120
litten,120
charliesome,117
btholt,117
mhartl,117
cowboy,115
Sentdex,115
ctiao,114
jeasonlzy,110
robb,106
dyc87112,106
Huxpro,106
OdeToCode,105
juliemr,105
geohot,105
mnielsen,105
crnacura,104
jamztang,104
gregkh,100
alsotang,100
mikeash,99
cyrilmottier,99
jrburke,99
robbiehanson,99
sferik,98
kymjs,98
robbyrussell,97
ibireme,96
samyk,96
coderyi,93
jhusain,93
kevinzhow,93
nst,92
byt3bl33d3r,92
timbl,91
ming1016,91
hak5darren,90
qiwsir,89
teaey,87
joeeames,87
mixu,87
sergiolopes,86
SteveSanderson,86
jcjohnson,83
rovo89,83
PresidentObamaBot,82
hzlzh,82
Trinea,79
RomainPiel,78
BilgisayarKavramlari,78
Juude,78
bradtraversy,77
x0rz,77
pjreddie,77
in28minutes,77
markzhai,76
agragregra,76
gaoxiang12,76
danielmiessler,76
echen,75
rengwuxian,74
misterch0c,72
mojombo,72
xqq,72
yigit,68
substack,68
daimajia,67
fouber,67
dodola,67
rauschma,65
xiaolai,65
slightlyoff,65
unclebob,63
chriscoyier,63
ccoenraets,63
ttscoff,63
btford,62
guo-yu,62
hmason,62
pcqpcq,61
ideawu,61
livoras,61
nzakas,60
hongyangAndroid,59
pluskid,59
HenrikJoreteg,58
shykes,58
Eclipse456,57
soulwire,57
windiest,56
bos,56
rentzsch,55
fxsjy,54
tommy351,54
frogermcs,54
gsdios,54
xdite,53
kaushikgopal,52
gregoryyoung,52
garybernhardt,51
jboner,50
bang590,50
madrobby,50
mblondel,49
keyboardsurfer,49
vczero,48
mohammadhosseinime,48
markjaquith,47
DmitryBaranovskiy,47
robconery,47
zzz40500,45
JeffreyZhao,45
qiangxue,45
andrewsyc,45
sahat,44
slidenerd,44
VctrySam,41
leeluolee,41
spf13,41
wepe,41
ternsip,41
petehunt,41
PhilJay,40
BYVoid,40
yisibl,39
easychen,39
xinyu198736,39
rbgirshick,39
airen,39
ring04h,39
lijiejie,38
kpwn,38
zhengmin1989,37
julycoding,34
karan,34
DanWahlin,33
codepo8,33
DanMcInerney,32
sonyxperiadev,32
singwhatiwanna,31
zhangxinxu,31
xoreaxeaxeax,31
pyricau,31
johnmyleswhite,31
ericbarnes,30
lattner,30
aheckmann,29
mpj,27
leichunfeng,27
marcoarment,27
zangqilong198812,27
botelho,26
Skykai521,25
laracasts,24
glassesfactory,23
codeguy,23
evilcos,23
dsxNiubility,23
BradLarson,22
bmizerany,22
huichen,21
android-cjj,21
bobuk,19
sephiroth74,19
donnfelker,19
haoel,19
BrendanEich,19
torvalds,19
sofish,19
angusshire,18
guolindev,17
lzyy,17
loopj,17
erica,17
gabrielecirulli,17
rmurphey,17
joearms,17
Yixiaohan,16
offensive-security,16
xufei,15
kesenhoo,15
xuyisheng,14
ry,14
MengTo,14
ryanseys,13
maccman,13
castorflex,13
breakwa11,12
dli,12
zedshaw,11
nostra13,11
sunnyxx,11
mschwarzmueller,10
xhzengAIB,10
wintercn,10
mmin18,10
stormzhang,9
adrianholovaty,9
AigeStudio,9
ducrohet,9
stubbornella,9
defunkt,9
avdi,9
Terry-Mao,8
hussien89aa,8
Vamei,8
SlexAxton,8
justmarkham,8
ikeay,8
lzyzsd,8
learncodeacademy,8
brunocasanova,8
litesuits,7
richhickey,7
qii,7
jmportilla,7
oschina,7
flavienlaurent,6
ZhaoKaiQiang,6
dhg,5
opensource-apple,5
fat,5
vim-scripts,5
yexiaochai,5
KaimingHe,4
unconed,4
octocat,4
CoderMJLee,4
ashish1294,4
adad184,4
naoya,4
tencent-wechat,4
yangyangwithgnu,3
ouyangzhiping,3
lanxuezaipiao,3
mackenziechild,3
worrydream,3
chaoslawful,3
wyouflf,3
nf,3
qiao,3
jayli,3
Udinic,3
travisneilson,3
samvermette,2
fool2fish,2
jfeinstein10,2
ryanb,2
peachananr,2
SaraSoueidan,2
youxiachai,2
KentBeck,2
pjhyett,2
kejun,2
jesstess,2
livid,2
vojtajina,1
ikew0ng,1
lifesinger,1
gavinkwoe,1
CoderJackyHuang,1
gabrielpconceicao,1
nimbupani,1
